{
  "results": {
    "Baseline": {
      "hr@5": 0.115349625121561,
      "hr@10": 0.13931674875301941,
      "hr@20": 0.1785613451704991,
      "ndcg@5": 0.07901144670521948,
      "ndcg@10": 0.0867303205603224,
      "ndcg@20": 0.09658211493063533,
      "mrr": 0.07924137658239784
    },
    "Aspect-Weighted": {
      "hr@5": 0.11657307776766948,
      "hr@10": 0.13828151959092763,
      "hr@20": 0.17203626439125388,
      "ndcg@5": 0.07994429153485434,
      "ndcg@10": 0.08689536662138747,
      "ndcg@20": 0.09538445831312589,
      "mrr": 0.07942576899921583
    },
    "Aspect+Text": {
      "hr@10": 0.17046773535778148,
      "ndcg@10": 0.10263910497819496,
      "mrr": 0.09244739483813808
    },
    "Baseline+Text": {
      "hr@10": 0.17234997019794837,
      "ndcg@10": 0.10367066287447853,
      "mrr": 0.09323615617555794
    }
  },
  "aspect_dist": {
    "unclear": 118681,
    "product_quality": 60991,
    "mixed": 15056,
    "logistics": 9586,
    "seller_service": 6077
  }
}